ano;sigla_uf;sigla_uf_nome;id_municipio_nome;tipo_vinculo;vinculo_ativo_3112;tipo_admissao;mes_admissao;mes_desligamento;motivo_desligamento;tempo_emprego;quantidade_horas_contratadas;indicador_trabalho_parcial;indicador_trabalho_intermitente;valor_remuneracao_media;cnae_2_subclasse_descricao_secao;idade;grau_instrucao_apos_2005;sexo;raca_cor;tamanho_estabelecimento;natureza_juridica_descricao;indicador_simples;salario_hora;ln_salario_hora
2024;SC;Santa Catarina;Florianópolis;CLT U/PJ IND;Sim;Não Admitido Ano;0;0;;89.7;40;Não;Não;5267.34;Indústrias De Transformação;42;SUP. COMP;Masculino;Parda;De 50 a 99;Sociedade Anônima Fechada;Não;32.920875;3.4941069550425157
2024;SC;Santa Catarina;Florianópolis;CLT U/PJ IND;Sim;Reemprego;7;0;;5.5;44;Não;Não;1621.71;Indústrias De Transformação;23;MEDIO COMPL;Masculino;Parda;Até 4;Sociedade Empresária Limitada;Sim;9.214261363636364;2.2207524320367904
2024;SC;Santa Catarina;Florianópolis;CLT U/PJ IND;Não;Não Admitido Ano;0;11;Rescisão sem justa causa por iniciativa do empregador.;115.6;44;Não;Não;3305.79;Indústrias De Transformação;54;FUND COMPL;Masculino;Branca;De 10 a 19;Sociedade Empresária Limitada;Sim;18.782897727272726;2.932946760454138
2024;SC;Santa Catarina;Florianópolis;CLT U/PJ DET;Não;Reemprego;3;5;Rescisão sem justa causa por iniciativa do empregado ou exoneração a pedido;2.1;44;Não;Não;1844.4;Indústrias De Transformação;18;MEDIO COMPL;Masculino;Branca;De 10 a 19;Sociedade Empresária Limitada;Sim;10.479545454545455;2.3494253052943987
2024;SC;Santa Catarina;Florianópolis;CLT U/PJ IND;Não;Não Admitido Ano;0;3;Rescisão sem justa causa por iniciativa do empregado ou exoneração a pedido;7.6;44;Não;Não;1576.93;Indústrias De Transformação;40;MEDIO COMPL;Feminino;Branca;Zero;Sociedade Empresária Limitada;Sim;8.959829545454546;2.1927512028610763
2024;SC;Santa Catarina;Florianópolis;CLT U/PJ DET;Sim;Reemprego;11;0;;1.6;44;Não;Não;2000.0;Indústrias De Transformação;29;FUND COMPL;Feminino;Branca;De 10 a 19;Empresário (Individual);Não;11.363636363636363;2.4304184645039304
2024;SC;Santa Catarina;Florianópolis;CLT U/PJ IND;Não;Não Admitido Ano;0;7;Rescisão sem justa causa por iniciativa do empregado ou exoneração a pedido;22.5;44;Não;Não;2495.0;Indústrias De Transformação;60;SUP. COMP;Feminino;Preta;Até 4;Sociedade Empresária Limitada;Sim;14.176136363636363;2.651560013147467
2024;SC;Santa Catarina;Florianópolis;CLT U/PJ IND;Sim;Reemprego;9;0;;3.6;44;Não;Não;1670.22;Indústrias De Transformação;50;MEDIO COMPL;Feminino;Branca;De 5 a 9;Sociedade Empresária Limitada;Sim;9.489886363636364;2.250226638223101
2024;SC;Santa Catarina;Florianópolis;CLT U/PJ IND;Não;Não Admitido Ano;0;5;Rescisão sem justa causa por iniciativa do empregador.;18.9;43;Não;Não;2002.16;Indústrias De Transformação;25;MEDIO COMPL;Masculino;Não identificado;Até 4;Sociedade Empresária Limitada;Não;11.64046511627907;2.4544873999481935
2024;SC;Santa Catarina;Florianópolis;CLT U/PJ DET;Não;Reemprego;10;11;Término do contrato de trabalho.;1.4;44;Não;Não;1412.08;Indústrias De Transformação;22;6. A 9. FUND;Feminino;Preta;De 5 a 9;Sociedade Empresária Limitada;Sim;8.023181818181818;2.082335078633872
2024;SC;Santa Catarina;Florianópolis;CLT U/PJ DET;Sim;Reemprego;10;0;;2.3;44;Não;Não;2476.6;Indústrias De Transformação;21;MEDIO COMPL;Masculino;Parda;De 10 a 19;Sociedade Empresária Limitada;Não;14.071590909090908;2.644157935742846
2024;SC;Santa Catarina;Florianópolis;CLT U/PJ IND;Sim;Não Admitido Ano;0;0;;62.4;44;Não;Não;3424.1;Indústrias De Transformação;44;ATE 5.A INC;Masculino;Branca;De 20 a 49;Sociedade Empresária Limitada;Sim;19.455113636363635;2.968109947404482
2024;SC;Santa Catarina;Florianópolis;CLT U/PJ IND;Não;Não Admitido Ano;0;2;Rescisão sem justa causa por iniciativa do empregado ou exoneração a pedido;3.1;44;Não;Não;2634.37;Indústrias De Transformação;22;MEDIO COMPL;Feminino;Branca;De 10 a 19;Sociedade Empresária Limitada;Sim;14.968011363636363;2.7059153481668745
2024;SC;Santa Catarina;Florianópolis;CLT U/PJ IND;Não;Não Admitido Ano;0;4;Rescisão sem justa causa por iniciativa do empregador.;13.5;44;Não;Não;2042.02;Indústrias De Transformação;26;MEDIO COMPL;Feminino;Parda;De 20 a 49;Sociedade Empresária Limitada;Não;11.602386363636363;2.4512107979577897
2024;SC;Santa Catarina;Florianópolis;CLT U/PJ DET;Não;Não Admitido Ano;0;3;Término do contrato de trabalho.;2.9;44;Não;Não;1719.46;Indústrias De Transformação;24;MEDIO COMPL;Feminino;Não identificado;Zero;Sociedade Empresária Limitada;Sim;9.76965909090909;2.279281571987261
2024;SC;Santa Catarina;Florianópolis;CLT U/PJ IND;Não;Não Admitido Ano;0;3;Rescisão sem justa causa por iniciativa do empregador.;27.6;44;Não;Não;1938.17;Indústrias De Transformação;34;MEDIO COMPL;Feminino;Branca;Até 4;Empresário (Individual);Sim;11.012329545454547;2.3990155128636927
2024;SC;Santa Catarina;Florianópolis;CLT U/PJ DET;Não;Reemprego;10;12;Rescisão sem justa causa por iniciativa do empregado ou exoneração a pedido;1.7;44;Não;Não;1316.51;Indústrias De Transformação;24;MEDIO COMPL;Feminino;Branca;De 5 a 9;Sociedade Empresária Limitada;Sim;7.480170454545455;2.0122555797675785
2024;SC;Santa Catarina;Florianópolis;CLT U/PJ IND;Sim;Reemprego;4;0;;8.9;44;Não;Não;5016.44;Indústrias De Transformação;25;SUP. COMP;Feminino;Branca;De 50 a 99;Sociedade Empresária Limitada;Não;28.502499999999998;3.3499918027257376
2024;SC;Santa Catarina;Florianópolis;CLT U/PJ IND;Não;Reemprego;1;5;Rescisão sem justa causa por iniciativa do empregado ou exoneração a pedido;3.9;44;Não;Não;1830.5;Indústrias De Transformação;40;MEDIO COMPL;Masculino;Branca;De 20 a 49;Empresário (Individual);Sim;10.400568181818182;2.341860437522139
2024;SC;Santa Catarina;Florianópolis;CLT U/PJ IND;Sim;Não Admitido Ano;0;0;;15.3;44;Não;Não;3590.69;Indústrias De Transformação;33;SUP. COMP;Feminino;Branca;De 5 a 9;Sociedade Empresária Limitada;Sim;20.401647727272728;3.015615668533115
2024;SC;Santa Catarina;Florianópolis;CLT U/PJ IND;Sim;Não Admitido Ano;0;0;;25.8;44;Não;Não;5977.23;Indústrias De Transformação;27;SUP. COMP;Masculino;Branca;De 250 a 499;Sociedade Anônima Fechada;Não;33.96153409090909;3.525228533888966
2024;SC;Santa Catarina;Florianópolis;CLT U/PJ IND;Sim;Reemprego;5;0;;7.5;44;Não;Não;1905.85;Indústrias De Transformação;30;MEDIO COMPL;Feminino;Branca;De 10 a 19;Sociedade Empresária Limitada;Sim;10.828693181818181;2.3821993872333285
2024;SC;Santa Catarina;Florianópolis;CLT U/PJ IND;Sim;Não Admitido Ano;0;0;;23.2;44;Não;Não;3785.25;Indústrias De Transformação;36;SUP. COMP;Feminino;Branca;De 250 a 499;Sociedade Anônima Fechada;Não;21.507102272727273;3.0683832188503297
2024;SC;Santa Catarina;Florianópolis;CLT U/PJ IND;Sim;Não Admitido Ano;0;0;;37.0;44;Não;Não;2460.92;Indústrias De Transformação;22;MEDIO COMPL;Masculino;Não identificado;De 10 a 19;Sociedade Empresária Limitada;Sim;13.9825;2.637806547713606
2024;SC;Santa Catarina;Florianópolis;CLT U/PJ DET;Sim;Reemprego;11;0;;1.6;44;Não;Não;1560.66;Indústrias De Transformação;19;MEDIO COMPL;Masculino;Branca;De 50 a 99;Sociedade Empresária Limitada;Não;8.867386363636363;2.182380092656701
2024;SC;Santa Catarina;Florianópolis;CLT U/PJ IND;Sim;Não Admitido Ano;0;0;;63.7;40;Não;Não;4720.27;Indústrias De Transformação;46;SUP. COMP;Feminino;Preta;De 20 a 49;Cooperativa;Não;29.501687500000003;3.3844474650995533
2024;SC;Santa Catarina;Florianópolis;CLT U/PJ IND;Sim;Não Admitido Ano;0;0;;22.0;44;Não;Não;3547.81;Indústrias De Transformação;36;MEDIO COMPL;Masculino;Parda;De 10 a 19;Sociedade Empresária Limitada;Sim;20.158011363636362;3.003601795660891
2024;SC;Santa Catarina;Florianópolis;CLT U/PJ IND;Não;Reemprego;3;9;Rescisão sem justa causa por iniciativa do empregado ou exoneração a pedido;6.0;44;Não;Não;1843.68;Indústrias De Transformação;24;MEDIO COMPL;Masculino;Parda;De 10 a 19;Sociedade Empresária Limitada;Sim;10.475454545454546;2.3490348582275526
2024;SC;Santa Catarina;Florianópolis;CLT U/PJ IND;Não;Não Admitido Ano;0;2;Rescisão sem justa causa por iniciativa do empregador.;62.9;44;Não;Não;1990.0;Indústrias De Transformação;27;MEDIO COMPL;Feminino;Branca;De 5 a 9;Empresário (Individual);Sim;11.306818181818182;2.4254059226803864
2024;SC;Santa Catarina;Florianópolis;CLT U/PJ IND;Sim;Reemprego;5;0;;7.0;44;Não;Não;2907.28;Indústrias De Transformação;32;MEDIO COMPL;Masculino;Branca;De 20 a 49;Sociedade Empresária Limitada;Sim;16.518636363636364;2.8044892201117713
2024;SC;Santa Catarina;Florianópolis;CLT U/PJ IND;Sim;Não Admitido Ano;0;0;;16.2;44;Não;Não;2878.4;Indústrias De Transformação;40;MEDIO COMPL;Masculino;Não identificado;Até 4;Sociedade Empresária Limitada;Sim;16.354545454545455;2.794505868158117
2024;SC;Santa Catarina;Florianópolis;CLT U/PJ IND;Não;Não Admitido Ano;0;5;Rescisão sem justa causa por iniciativa do empregador.;56.2;40;Não;Não;2978.56;Indústrias De Transformação;50;MEDIO COMPL;Masculino;Preta;De 20 a 49;Sociedade Empresária Limitada;Não;18.616;2.9240214259999906
2024;SC;Santa Catarina;Florianópolis;CLT U/PJ IND;Sim;Não Admitido Ano;0;0;;29.0;44;Não;Não;2841.72;Indústrias De Transformação;26;SUP. COMP;Feminino;Parda;De 100 a 249;Sociedade Empresária Limitada;Não;16.146136363636362;2.781680786597779
2024;SC;Santa Catarina;Florianópolis;CLT U/PJ DET;Sim;Reemprego;10;0;;2.5;44;Não;Não;2617.89;Indústrias De Transformação;25;MEDIO COMPL;Masculino;Branca;De 100 a 249;Sociedade Empresária Limitada;Sim;14.874374999999999;2.69963993374224
2024;SC;Santa Catarina;Florianópolis;CLT U/PJ IND;Sim;Não Admitido Ano;0;0;;116.3;44;Não;Não;4486.26;Indústrias De Transformação;46;MEDIO COMPL;Masculino;Branca;De 5 a 9;Sociedade Empresária Limitada;Sim;25.49011363636364;3.238290676454338
2024;SC;Santa Catarina;Florianópolis;CLT U/PJ IND;Sim;Não Admitido Ano;0;0;;27.3;40;Não;Não;2524.05;Indústrias De Transformação;28;MEDIO COMPL;Feminino;Parda;De 5 a 9;Sociedade Empresária Limitada;Sim;15.775312500000002;2.7584462180567386
2024;SC;Santa Catarina;Florianópolis;CLT U/PJ IND;Sim;Não Admitido Ano;0;0;;42.0;43;Não;Não;1870.32;Indústrias De Transformação;19;MEDIO INCOMP;Masculino;Branca;De 10 a 19;Sociedade Empresária Limitada;Sim;10.873953488372093;2.386370341389962
2024;SC;Santa Catarina;Florianópolis;CLT U/PJ IND;Sim;Não Admitido Ano;0;0;;34.0;44;Não;Não;3588.0;Indústrias De Transformação;35;FUND COMPL;Masculino;Branca;De 100 a 249;Sociedade Empresária Limitada;Não;20.386363636363637;3.014866228140535
2024;SC;Santa Catarina;Florianópolis;CLT U/PJ DET;Não;Reemprego;9;10;Término do contrato de trabalho.;1.5;44;Não;Não;2038.39;Indústrias De Transformação;27;MEDIO COMPL;Masculino;Branca;De 20 a 49;Sociedade Empresária Limitada;Não;11.581761363636364;2.4494315645191818
2024;SC;Santa Catarina;Florianópolis;CLT U/PJ IND;Sim;Não Admitido Ano;0;0;;29.7;44;Não;Não;2155.27;Indústrias De Transformação;35;FUND COMPL;Feminino;Branca;De 20 a 49;Sociedade Empresária Limitada;Não;12.245852272727273;2.5051872896747587
2024;SC;Santa Catarina;Florianópolis;CLT U/PJ IND;Sim;Não Admitido Ano;0;0;;12.5;44;Não;Não;2823.62;Indústrias De Transformação;33;MEDIO COMPL;Feminino;Branca;De 20 a 49;Sociedade Empresária Limitada;Sim;16.043295454545454;2.775291033614334
2024;SC;Santa Catarina;Florianópolis;CLT U/PJ IND;Sim;Não Admitido Ano;0;0;;48.0;40;Não;Não;4822.41;Indústrias De Transformação;41;MEDIO COMPL;Masculino;Branca;De 50 a 99;Sociedade Empresária Limitada;Não;30.1400625;3.40585526685247
2024;SC;Santa Catarina;Florianópolis;CLT U/PJ IND;Não;Não Admitido Ano;0;4;Rescisão sem justa causa por iniciativa do empregado ou exoneração a pedido;7.2;44;Não;Não;2601.74;Indústrias De Transformação;30;MEDIO COMPL;Masculino;Branca;Até 4;Sociedade Empresária Limitada;Sim;14.782613636363635;2.6934517359056005
2024;SC;Santa Catarina;Florianópolis;CLT U/PJ IND;Não;Não Admitido Ano;0;11;Rescisão sem justa causa por iniciativa do empregador.;13.0;44;Não;Não;2106.88;Indústrias De Transformação;58;MEDIO COMPL;Masculino;Branca;Zero;Sociedade Empresária Limitada;Não;11.97090909090909;2.4824794641303893
2024;SC;Santa Catarina;Florianópolis;CLT U/PJ IND;Sim;Não Admitido Ano;0;0;;163.5;44;Não;Não;3541.14;Indústrias De Transformação;39;MEDIO COMPL;Feminino;Branca;De 100 a 249;Sociedade Empresária Limitada;Não;20.120113636363637;3.001719993146187
2024;SC;Santa Catarina;Florianópolis;CLT U/PJ IND;Sim;Não Admitido Ano;0;0;;116.5;44;Não;Não;2115.01;Indústrias De Transformação;37;MEDIO COMPL;Feminino;Branca;De 5 a 9;Empresário (Individual);Sim;12.017102272727273;2.486330824563437
2024;SC;Santa Catarina;Florianópolis;CLT U/PJ IND;Sim;Não Admitido Ano;0;0;;38.6;44;Não;Não;2811.97;Indústrias De Transformação;42;MEDIO COMPL;Masculino;Branca;De 20 a 49;Sociedade Empresária Limitada;Não;15.977102272727272;2.771156589272194
2024;SC;Santa Catarina;Florianópolis;CLT U/PJ IND;Sim;Reemprego;8;0;;4.1;44;Não;Não;2449.0;Indústrias De Transformação;28;MEDIO COMPL;Masculino;Branca;De 5 a 9;Empresário (Individual);Sim;13.914772727272727;2.632951061914016
2024;SC;Santa Catarina;Florianópolis;CLT U/PJ DET;Não;Não Admitido Ano;0;2;Término do contrato de trabalho.;1.4;44;Não;Não;2546.21;Indústrias De Transformação;42;MEDIO COMPL;Masculino;Preta;De 20 a 49;Sociedade Empresária Limitada;Sim;14.467102272727272;2.671877263002936
2024;SC;Santa Catarina;Florianópolis;CLT U/PJ IND;Sim;Não Admitido Ano;0;0;;12.9;44;Não;Não;2320.14;Indústrias De Transformação;27;MEDIO COMPL;Masculino;Parda;De 100 a 249;Sociedade Empresária Limitada;Não;13.182613636363635;2.578898812629114
2024;SC;Santa Catarina;Florianópolis;CLT U/PJ IND;Sim;Reemprego;1;0;;11.5;44;Não;Não;2204.1;Indústrias De Transformação;29;MEDIO COMPL;Masculino;Branca;Até 4;Sociedade Empresária Limitada;Sim;12.523295454545455;2.5275905462561896
2024;SC;Santa Catarina;Florianópolis;CLT U/PJ IND;Sim;Não Admitido Ano;0;0;;207.0;44;Não;Não;4563.45;Indústrias De Transformação;56;MEDIO INCOMP;Masculino;Não identificado;De 10 a 19;Sociedade Empresária Limitada;Sim;25.92869318181818;3.255350200356073
2024;SC;Santa Catarina;Florianópolis;CLT U/PJ IND;Sim;Reemprego;8;0;;4.1;44;Não;Não;2303.14;Indústrias De Transformação;21;MEDIO COMPL;Masculino;Branca;De 50 a 99;Sociedade Empresária Limitada;Não;13.086022727272727;2.571544693208436
2024;SC;Santa Catarina;Florianópolis;CLT U/PJ IND;Sim;Reemprego;7;0;;5.7;44;Não;Não;2470.07;Indústrias De Transformação;24;SUP. COMP;Masculino;Branca;De 5 a 9;Sociedade Empresária Limitada;Sim;14.034488636363637;2.6415177742632703
2024;SC;Santa Catarina;Florianópolis;CLT U/PJ DET;Não;Reemprego;7;8;Término do contrato de trabalho.;1.4;44;Não;Não;1384.8;Indústrias De Transformação;20;MEDIO INCOMP;Masculino;Preta;De 100 a 249;Sociedade Anônima Fechada;Não;7.868181818181818;2.062827008823848
2024;SC;Santa Catarina;Florianópolis;CLT U/PJ DET;Não;Reemprego;7;10;Transferência de empregado entre estabelecimentos da mesma empresa ou para outra empresa, sem ônus para a cedente;2.7;40;Não;Não;3560.36;Indústrias De Transformação;34;DOUTORADO;Masculino;Branca;Até 4;Sociedade Empresária Limitada;Não;22.25225;3.1024431270951087
2024;SC;Santa Catarina;Florianópolis;CLT U/PJ DET;Não;Reemprego;8;9;Término do contrato de trabalho.;1.4;44;Não;Não;1570.59;Indústrias De Transformação;38;MEDIO COMPL;Feminino;Parda;De 20 a 49;Sociedade Empresária Limitada;Sim;8.923806818181818;2.1887226288888475
2024;SC;Santa Catarina;Florianópolis;CLT U/PJ IND;Não;Não Admitido Ano;0;11;Rescisão sem justa causa por iniciativa do empregador.;20.3;44;Não;Não;2433.73;Indústrias De Transformação;32;MEDIO COMPL;Masculino;Parda;De 100 a 249;Sociedade Anônima Fechada;Não;13.828011363636364;2.626696343843562
2024;SC;Santa Catarina;Florianópolis;CLT U/PJ IND;Sim;Reemprego;2;0;;10.1;42;Não;Não;2000.0;Indústrias De Transformação;31;MEDIO INCOMP;Masculino;Branca;De 5 a 9;Sociedade Empresária Limitada;Sim;11.904761904761905;2.4769384801388235
2024;SC;Santa Catarina;Florianópolis;CLT U/PJ IND;Não;Não Admitido Ano;0;11;Rescisão sem justa causa por iniciativa do empregador.;21.9;44;Não;Não;2046.04;Indústrias De Transformação;41;MEDIO COMPL;Feminino;Preta;Zero;Sociedade Empresária Limitada;Sim;11.625227272727273;2.4531775016244457
2024;SC;Santa Catarina;Florianópolis;CLT U/PJ IND;Não;Não Admitido Ano;0;9;Rescisão sem justa causa por iniciativa do empregado ou exoneração a pedido;12.4;44;Não;Não;4162.01;Indústrias De Transformação;38;MEDIO COMPL;Masculino;Branca;De 10 a 19;Sociedade Empresária Limitada;Sim;23.64778409090909;3.1632694146035556
2024;SC;Santa Catarina;Florianópolis;CLT U/PJ IND;Sim;Não Admitido Ano;0;0;;71.3;44;Não;Não;2584.9;Indústrias De Transformação;59;MEDIO COMPL;Masculino;Parda;De 100 a 249;Sociedade Empresária Limitada;Não;14.686931818181819;2.686958106436569
2024;SC;Santa Catarina;Florianópolis;CLT U/PJ DET;Não;Reemprego;8;11;Término do contrato de trabalho.;2.9;44;Não;Não;1574.4;Indústrias De Transformação;25;MEDIO COMPL;Masculino;Preta;De 100 a 249;Sociedade Empresária Limitada;Não;8.945454545454545;2.191145531259837
2024;SC;Santa Catarina;Florianópolis;CLT U/PJ IND;Sim;Reemprego;9;0;;3.1;40;Não;Não;2000.0;Indústrias De Transformação;53;MEDIO COMPL;Feminino;Branca;De 10 a 19;Sociedade Empresária Limitada;Não;12.5;2.5257286443082556
2024;SC;Santa Catarina;Florianópolis;CLT U/PJ IND;Sim;Não Admitido Ano;0;0;;17.0;44;Não;Não;2738.38;Indústrias De Transformação;35;MEDIO COMPL;Masculino;Parda;De 100 a 249;Sociedade Empresária Limitada;Não;15.558977272727274;2.744637788616242
2024;SC;Santa Catarina;Florianópolis;CLT U/PJ IND;Não;Não Admitido Ano;0;11;Rescisão sem justa causa por iniciativa do empregador.;13.1;44;Não;Não;3437.24;Indústrias De Transformação;37;MEDIO COMPL;Masculino;Parda;Zero;Sociedade Empresária Limitada;Não;19.529772727272725;2.9719401077124643
2024;SC;Santa Catarina;Florianópolis;CLT U/PJ IND;Não;Não Admitido Ano;0;2;Rescisão sem justa causa por iniciativa do empregado ou exoneração a pedido;7.7;40;Não;Não;1650.7;Indústrias De Transformação;27;SUP. INCOMP;Masculino;Parda;De 100 a 249;Sociedade Empresária Limitada;Não;10.316875;2.3337809041196684
2024;SC;Santa Catarina;Florianópolis;CLT U/PJ IND;Sim;Transferência sem Ônus;1;0;;12.0;44;Não;Não;1893.24;Indústrias De Transformação;52;MEDIO COMPL;Feminino;Branca;De 10 a 19;Sociedade Empresária Limitada;Sim;10.757045454545455;2.375560931019211
2024;SC;Santa Catarina;Florianópolis;CLT U/PJ IND;Não;Não Admitido Ano;0;2;Rescisão sem justa causa por iniciativa do empregador.;4.4;44;Não;Não;1500.0;Indústrias De Transformação;31;MEDIO COMPL;Masculino;Branca;Zero;Sociedade Empresária Limitada;Sim;8.522727272727273;2.1427363920521496
2024;SC;Santa Catarina;Florianópolis;CLT U/PJ DET;Não;Reemprego;4;7;Rescisão sem justa causa por iniciativa do empregado ou exoneração a pedido;2.4;44;Não;Não;1435.56;Indústrias De Transformação;30;MEDIO COMPL;Masculino;Parda;De 5 a 9;Sociedade Empresária Limitada;Sim;8.156590909090909;2.0988263009326613
2024;SC;Santa Catarina;Florianópolis;CLT U/PJ IND;Não;Não Admitido Ano;0;3;Rescisão sem justa causa por iniciativa do empregador.;20.5;43;Não;Não;2150.81;Indústrias De Transformação;39;MEDIO COMPL;Masculino;Branca;De 20 a 49;Sociedade Empresária Limitada;Sim;12.504709302325582;2.5261053175440304
2024;SC;Santa Catarina;Florianópolis;CLT U/PJ DET;Não;Reemprego;6;9;Término do contrato de trabalho.;2.9;44;Não;Não;1431.36;Indústrias De Transformação;46;MEDIO COMPL;Masculino;Parda;De 10 a 19;Sociedade Empresária Limitada;Não;8.132727272727273;2.0958963252063314
2024;SC;Santa Catarina;Florianópolis;CLT U/PJ IND;Não;Reemprego;2;11;Rescisão sem justa causa por iniciativa do empregado ou exoneração a pedido;9.1;44;Não;Não;3295.58;Indústrias De Transformação;30;MEDIO COMPL;Masculino;Branca;De 10 a 19;Sociedade Empresária Limitada;Sim;18.72488636363636;2.929853460687211
2024;SC;Santa Catarina;Florianópolis;CLT U/PJ IND;Sim;Não Admitido Ano;0;0;;37.0;44;Não;Não;1886.93;Indústrias De Transformação;56;MEDIO COMPL;Feminino;Branca;Até 4;Sociedade Empresária Limitada;Sim;10.721193181818181;2.372222453722879
2024;SC;Santa Catarina;Florianópolis;CLT U/PJ IND;Sim;Não Admitido Ano;0;0;;13.6;44;Não;Não;1888.17;Indústrias De Transformação;22;MEDIO COMPL;Masculino;Branca;De 50 a 99;Sociedade Empresária Limitada;Não;10.728238636363637;2.3728793899866045
2024;SC;Santa Catarina;Florianópolis;CLT U/PJ IND;Sim;Não Admitido Ano;0;0;;36.4;44;Não;Não;2901.29;Indústrias De Transformação;55;MEDIO COMPL;Masculino;Branca;De 10 a 19;Sociedade Empresária Limitada;Sim;16.484602272727273;2.8024267496161595
2024;SC;Santa Catarina;Florianópolis;CLT U/PJ IND;Sim;Não Admitido Ano;0;0;;17.0;44;Não;Não;2381.63;Indústrias De Transformação;32;MEDIO COMPL;Masculino;Branca;De 10 a 19;Sociedade Empresária Limitada;Sim;13.531988636363637;2.6050564111578107
2024;SC;Santa Catarina;Florianópolis;CLT U/PJ DET;Não;Não Admitido Ano;0;3;Término do contrato de trabalho.;2.9;44;Não;Não;2240.0;Indústrias De Transformação;22;MEDIO COMPL;Masculino;Branca;De 20 a 49;Sociedade Empresária Limitada;Sim;12.727272727272727;2.5437471498109336
2024;SC;Santa Catarina;Florianópolis;CLT U/PJ IND;Não;Transferência sem Ônus;2;4;Rescisão sem justa causa por iniciativa do empregador.;2.5;44;Não;Não;2303.94;Indústrias De Transformação;32;MEDIO COMPL;Masculino;Branca;De 20 a 49;Sociedade Empresária Limitada;Não;13.090568181818183;2.5718919847718733
2024;SC;Santa Catarina;Florianópolis;CLT U/PJ IND;Não;Não Admitido Ano;0;8;Rescisão sem justa causa por iniciativa do empregador.;33.1;44;Não;Não;1997.35;Indústrias De Transformação;42;MEDIO COMPL;Masculino;Preta;De 20 a 49;Sociedade Empresária Limitada;Não;11.348579545454545;2.429092585915258
2024;SC;Santa Catarina;Florianópolis;CLT U/PJ IND;Sim;Não Admitido Ano;0;0;;32.4;44;Não;Não;4604.41;Indústrias De Transformação;25;SUP. INCOMP;Masculino;Parda;De 250 a 499;Sociedade Anônima Fechada;Não;26.161420454545453;3.2642858238360324
2024;SC;Santa Catarina;Florianópolis;CLT U/PJ IND;Não;Não Admitido Ano;0;9;Rescisão sem justa causa por iniciativa do empregador.;30.0;44;Não;Não;2135.77;Indústrias De Transformação;32;FUND COMPL;Masculino;Parda;De 20 a 49;Sociedade Empresária Limitada;Não;12.135056818181818;2.4960985213416302
2024;SC;Santa Catarina;Florianópolis;CLT U/PJ IND;Sim;Reemprego;9;0;;3.7;43;Não;Não;3396.92;Indústrias De Transformação;50;SUP. COMP;Masculino;Amarela;De 20 a 49;Sociedade Empresária Limitada;Sim;19.74953488372093;2.9831299408784755
2024;SC;Santa Catarina;Florianópolis;CLT U/PJ IND;Sim;Não Admitido Ano;0;0;;20.3;40;Não;Não;1958.74;Indústrias De Transformação;22;MEDIO COMPL;Feminino;Branca;Até 4;Sociedade Empresária Limitada;Sim;12.242125;2.5048828731266264
2024;SC;Santa Catarina;Florianópolis;CLT U/PJ IND;Não;Não Admitido Ano;0;5;Rescisão sem justa causa por iniciativa do empregado ou exoneração a pedido;4.8;44;Não;Não;2088.6;Indústrias De Transformação;26;MEDIO COMPL;Feminino;Preta;De 100 a 249;Sociedade Empresária Limitada;Não;11.867045454545455;2.4737652690072967
2024;SC;Santa Catarina;Florianópolis;CLT U/PJ IND;Não;Não Admitido Ano;0;9;Rescisão sem justa causa por iniciativa do empregado ou exoneração a pedido;14.0;44;Não;Não;2292.79;Indústrias De Transformação;28;SUP. INCOMP;Feminino;Branca;De 5 a 9;Sociedade Empresária Limitada;Não;13.02721590909091;2.5670407005468308
2024;SC;Santa Catarina;Florianópolis;CLT U/PJ IND;Sim;Não Admitido Ano;0;0;;139.5;44;Não;Não;2203.84;Indústrias De Transformação;60;MEDIO INCOMP;Feminino;Branca;Até 4;Sociedade Empresária Limitada;Sim;12.521818181818183;2.5274725773181816
2024;SC;Santa Catarina;Florianópolis;CLT U/PJ IND;Sim;Reemprego;8;0;;4.4;44;Não;Não;1563.69;Indústrias De Transformação;36;6. A 9. FUND;Masculino;Preta;De 10 a 19;Sociedade Empresária Limitada;Não;8.884602272727273;2.184319696702292
2024;SC;Santa Catarina;Florianópolis;CLT U/PJ IND;Sim;Transferência sem Ônus;10;0;;3.0;44;Não;Não;2507.0;Indústrias De Transformação;48;MEDIO COMPL;Masculino;Parda;De 20 a 49;Sociedade Empresária Limitada;Não;14.244318181818182;2.6563581031201418
2024;SC;Santa Catarina;Florianópolis;CLT U/PJ IND;Sim;Reemprego;2;0;;10.1;44;Não;Não;2040.35;Indústrias De Transformação;20;FUND COMPL;Masculino;Branca;De 5 a 9;Sociedade Empresária Limitada;Sim;11.592897727272726;2.4503926457113474
2024;SC;Santa Catarina;Florianópolis;CLT U/PJ IND;Sim;Não Admitido Ano;0;0;;13.3;44;Não;Não;2488.03;Indústrias De Transformação;24;MEDIO COMPL;Feminino;Branca;Até 4;Sociedade Empresária Limitada;Sim;14.136534090909093;2.6487625166260362
2024;SC;Santa Catarina;Florianópolis;CLT U/PJ IND;Não;Não Admitido Ano;0;2;Rescisão sem justa causa por iniciativa do empregado ou exoneração a pedido;79.2;44;Não;Não;1459.39;Indústrias De Transformação;60;MEDIO COMPL;Feminino;Branca;De 20 a 49;Sociedade Empresária Limitada;Não;8.291988636363637;2.1152898241388796
2024;SC;Santa Catarina;Florianópolis;CLT U/PJ DET;Não;Não Admitido Ano;0;3;Término do contrato de trabalho.;2.9;44;Não;Não;3179.59;Indústrias De Transformação;32;SUP. COMP;Feminino;Branca;De 20 a 49;Sociedade Empresária Limitada;Sim;18.065852272727273;2.894023541606168
2024;SC;Santa Catarina;Florianópolis;CLT U/PJ IND;Sim;Reemprego;7;0;;5.5;44;Não;Não;2370.62;Indústrias De Transformação;24;MEDIO COMPL;Masculino;Parda;De 10 a 19;Sociedade Empresária Limitada;Sim;13.469431818181818;2.600422808254356
2024;SC;Santa Catarina;Florianópolis;CLT U/PJ IND;Sim;Não Admitido Ano;0;0;;39.8;42;Não;Não;5641.95;Indústrias De Transformação;34;SUP. COMP;Masculino;Branca;De 10 a 19;Sociedade Empresária Limitada;Não;33.583035714285714;3.5140210500137776
2024;SC;Santa Catarina;Florianópolis;CLT U/PJ IND;Não;Não Admitido Ano;0;3;Transferência de empregado entre estabelecimentos da mesma empresa ou para outra empresa, sem ônus para a cedente;79.0;44;Não;Não;2122.97;Indústrias De Transformação;63;MEDIO COMPL;Masculino;Branca;Zero;Sociedade Empresária Limitada;Não;12.062329545454544;2.490087335618488
2024;SC;Santa Catarina;Florianópolis;CLT U/PJ IND;Não;Não Admitido Ano;0;3;Rescisão sem justa causa por iniciativa do empregador.;8.5;44;Não;Não;1693.11;Indústrias De Transformação;20;MEDIO COMPL;Feminino;Branca;De 10 a 19;Sociedade Empresária Limitada;Sim;9.619943181818181;2.263838358404267
2024;SC;Santa Catarina;Florianópolis;CLT U/PJ DET;Não;Reemprego;2;2;Rescisão sem justa causa por iniciativa do empregado ou exoneração a pedido;0.7;44;Não;Não;1840.0;Indústrias De Transformação;32;MEDIO COMPL;Masculino;Parda;Zero;Sociedade Empresária Limitada;Sim;10.454545454545455;2.3470368555648795
2024;SC;Santa Catarina;Florianópolis;CLT U/PJ IND;Sim;Reemprego;6;0;;6.4;44;Não;Não;1804.16;Indústrias De Transformação;25;MEDIO COMPL;Masculino;Branca;De 5 a 9;Sociedade Empresária Limitada;Sim;10.250909090909092;2.3273663934475413
2024;SC;Santa Catarina;Florianópolis;CLT U/PJ IND;Não;Não Admitido Ano;0;9;Rescisão sem justa causa por iniciativa do empregador.;23.7;44;Não;Não;2628.09;Indústrias De Transformação;22;MEDIO COMPL;Masculino;Branca;Zero;Sociedade Empresária Limitada;Não;14.932329545454547;2.7035286305552915
2024;SC;Santa Catarina;Florianópolis;CLT U/PJ DET;Não;Reemprego;4;4;Rescisão sem justa causa por iniciativa do empregado ou exoneração a pedido;0.7;44;Não;Não;1467.58;Indústrias De Transformação;43;MEDIO COMPL;Masculino;Branca;Zero;Sociedade Empresária Limitada;Não;8.338522727272727;2.1208860696586482
2024;SC;Santa Catarina;Florianópolis;CLT U/PJ IND;Sim;Não Admitido Ano;0;0;;141.0;44;Não;Não;5005.05;Indústrias De Transformação;42;MEDIO COMPL;Masculino;Branca;De 100 a 249;Sociedade Anônima Fechada;Não;28.43778409090909;3.3477186866712594
2024;SC;Santa Catarina;Florianópolis;CLT U/PJ IND;Não;Não Admitido Ano;0;3;Rescisão sem justa causa por iniciativa do empregador.;32.4;44;Não;Não;2046.31;Indústrias De Transformação;61;MEDIO COMPL;Masculino;Branca;De 10 a 19;Sociedade Empresária Limitada;Sim;11.626761363636364;2.4533094551476737
2024;SC;Santa Catarina;Florianópolis;CLT U/PJ DET;Não;Reemprego;7;8;Término do contrato de trabalho.;1.4;44;Não;Não;2215.38;Indústrias De Transformação;31;MEDIO COMPL;Masculino;Branca;De 100 a 249;Sociedade Empresária Limitada;Sim;12.587386363636364;2.5326952302888452
2024;SC;Santa Catarina;Florianópolis;CLT U/PJ IND;Sim;Não Admitido Ano;0;0;;52.8;44;Não;Não;2973.49;Indústrias De Transformação;27;MEDIO COMPL;Masculino;Branca;De 10 a 19;Sociedade Empresária Limitada;Não;16.894829545454545;2.8270076310626533
2024;SC;Santa Catarina;Florianópolis;CLT U/PJ IND;Sim;Reemprego;8;0;;4.6;43;Não;Não;3264.62;Indústrias De Transformação;49;MEDIO COMPL;Masculino;Branca;De 10 a 19;Sociedade Empresária Limitada;Sim;18.980348837209302;2.9434041722125337
2024;SC;Santa Catarina;Florianópolis;CLT U/PJ IND;Não;Não Admitido Ano;0;12;Rescisão sem justa causa por iniciativa do empregador.;39.0;40;Não;Não;2334.13;Indústrias De Transformação;28;MEDIO COMPL;Feminino;Parda;Até 4;Sociedade Empresária Limitada;Sim;14.5883125;2.6802206944334714
2024;SC;Santa Catarina;Florianópolis;CLT U/PJ IND;Sim;Não Admitido Ano;0;0;;23.2;40;Não;Não;2633.9;Indústrias De Transformação;35;MEDIO COMPL;Masculino;Parda;De 50 a 99;Sociedade Anônima Fechada;Não;16.461875;2.8010471012765743
2024;SC;Santa Catarina;Florianópolis;CLT U/PJ DET;Não;Reemprego;5;7;Término do contrato de trabalho.;1.9;44;Não;Não;1254.11;Indústrias De Transformação;20;MEDIO COMPL;Masculino;Branca;De 50 a 99;Sociedade Empresária Limitada;Não;7.125624999999999;1.963697441605847
2024;SC;Santa Catarina;Florianópolis;CLT U/PJ IND;Não;Não Admitido Ano;0;2;Rescisão sem justa causa por iniciativa do empregador.;25.3;44;Não;Não;1919.38;Indústrias De Transformação;29;MEDIO COMPL;Masculino;Branca;De 20 a 49;Sociedade Empresária Limitada;Sim;10.905568181818182;2.389273501168195
2024;SC;Santa Catarina;Florianópolis;CLT U/PJ IND;Sim;Não Admitido Ano;0;0;;43.0;44;Não;Não;2234.73;Indústrias De Transformação;43;MEDIO COMPL;Masculino;Branca;De 5 a 9;Sociedade Empresária Limitada;Sim;12.697329545454545;2.5413916993428334
2024;SC;Santa Catarina;Florianópolis;CLT U/PJ DET;Não;Reemprego;3;5;Rescisão sem justa causa por iniciativa do empregado ou exoneração a pedido;1.9;44;Não;Não;2247.95;Indústrias De Transformação;31;MEDIO COMPL;Feminino;Parda;De 100 a 249;Sociedade Empresária Limitada;Não;12.772443181818181;2.5472899737351904
2024;SC;Santa Catarina;Florianópolis;CLT U/PJ IND;Sim;Não Admitido Ano;0;0;;13.0;44;Não;Não;2509.31;Indústrias De Transformação;28;SUP. COMP;Feminino;Parda;De 10 a 19;Sociedade Empresária Limitada;Sim;14.257443181818182;2.657279098897231
2024;SC;Santa Catarina;Florianópolis;CLT U/PJ IND;Não;Não Admitido Ano;0;12;Rescisão sem justa causa por iniciativa do empregador.;12.4;44;Não;Não;2810.75;Indústrias De Transformação;54;MEDIO COMPL;Masculino;Branca;Até 4;Sociedade Empresária Limitada;Sim;15.970170454545455;2.770722635591717
2024;SC;Santa Catarina;Florianópolis;CLT U/PJ DET;Não;Não Admitido Ano;0;2;Rescisão sem justa causa por iniciativa do empregado ou exoneração a pedido;2.4;44;Não;Não;2512.7;Indústrias De Transformação;25;MEDIO COMPL;Feminino;Branca;De 20 a 49;Sociedade Empresária Limitada;Sim;14.276704545454544;2.6586291561511586
2024;SC;Santa Catarina;Florianópolis;CLT U/PJ IND;Sim;Não Admitido Ano;0;0;;15.6;44;Não;Não;3525.93;Indústrias De Transformação;32;DOUTORADO;Masculino;Branca;De 10 a 19;Sociedade Empresária Limitada;Sim;20.03369318181818;2.997415515198493
2024;SC;Santa Catarina;Florianópolis;CLT U/PJ IND;Sim;Não Admitido Ano;0;0;;63.9;44;Não;Não;2686.54;Indústrias De Transformação;42;FUND COMPL;Masculino;Não identificado;De 10 a 19;Sociedade Empresária Limitada;Sim;15.264431818181817;2.725525404281001
2024;SC;Santa Catarina;Florianópolis;CLT U/PJ IND;Sim;Não Admitido Ano;0;0;;193.6;44;Não;Não;5954.71;Indústrias De Transformação;35;MEDIO COMPL;Masculino;Branca;De 100 a 249;Sociedade Empresária Limitada;Não;33.83357954545455;3.5214537869928066
2024;SC;Santa Catarina;Florianópolis;CLT U/PJ DET;Não;Reemprego;3;3;Rescisão sem justa causa por iniciativa do empregado ou exoneração a pedido;0.7;44;Não;Não;1770.14;Indústrias De Transformação;26;MEDIO COMPL;Feminino;Branca;Até 4;Empresário (Individual);Sim;10.057613636363637;2.3083299234469936
2024;SC;Santa Catarina;Florianópolis;CLT U/PJ IND;Não;Não Admitido Ano;0;8;Rescisão sem justa causa por iniciativa do empregador.;33.7;44;Não;Não;3059.81;Indústrias De Transformação;54;MEDIO COMPL;Masculino;Branca;De 10 a 19;Sociedade Empresária Limitada;Sim;17.385284090909092;2.8556241064772494
2024;SC;Santa Catarina;Florianópolis;CLT U/PJ IND;Não;Não Admitido Ano;0;1;Rescisão sem justa causa por iniciativa do empregado ou exoneração a pedido;3.0;44;Não;Não;1440.33;Indústrias De Transformação;38;MEDIO COMPL;Masculino;Branca;De 20 a 49;Sociedade Empresária Limitada;Sim;8.183693181818182;2.1021435379438915
2024;SC;Santa Catarina;Florianópolis;CLT U/PJ IND;Sim;Não Admitido Ano;0;0;;107.2;44;Não;Não;2690.72;Indústrias De Transformação;31;MEDIO COMPL;Feminino;Branca;De 10 a 19;Sociedade Empresária Limitada;Sim;15.288181818181817;2.727080099736288
2024;SC;Santa Catarina;Florianópolis;CLT U/PJ IND;Sim;Reemprego;2;0;;10.1;44;Não;Não;3448.71;Indústrias De Transformação;36;MEDIO INCOMP;Masculino;Branca;De 10 a 19;Sociedade Empresária Limitada;Sim;19.59494318181818;2.9752715320208627
2024;SC;Santa Catarina;Florianópolis;CLT U/PJ IND;Sim;Não Admitido Ano;0;0;;148.8;44;Não;Não;5342.91;Indústrias De Transformação;30;SUP. INCOMP;Masculino;Branca;De 100 a 249;Sociedade Anônima Fechada;Não;30.35744318181818;3.4130417323083506
2024;SC;Santa Catarina;Florianópolis;CLT U/PJ IND;Não;Não Admitido Ano;0;11;Rescisão sem justa causa por iniciativa do empregado ou exoneração a pedido;34.3;44;Não;Não;3050.38;Indústrias De Transformação;44;SUP. COMP;Feminino;Branca;De 10 a 19;Sociedade Empresária Limitada;Sim;17.331704545454546;2.8525374569665303
2024;SC;Santa Catarina;Florianópolis;CLT U/PJ IND;Sim;Não Admitido Ano;0;0;;141.6;44;Não;Não;2492.53;Indústrias De Transformação;48;MEDIO COMPL;Masculino;Não identificado;De 10 a 19;Sociedade Empresária Limitada;Sim;14.162102272727275;2.6505695428337335
2024;SC;Santa Catarina;Florianópolis;CLT U/PJ IND;Sim;Não Admitido Ano;0;0;;178.7;40;Não;Não;5611.48;Indústrias De Transformação;56;MEDIO COMPL;Masculino;Branca;De 5 a 9;Sociedade Empresária Limitada;Não;35.071749999999994;3.557395963106714
2024;SC;Santa Catarina;Florianópolis;CLT U/PJ IND;Não;Não Admitido Ano;0;4;Rescisão sem justa causa por iniciativa do empregador.;35.4;44;Não;Não;2777.88;Indústrias De Transformação;25;MEDIO COMPL;Masculino;Branca;Até 4;Sociedade Empresária Limitada;Sim;15.78340909090909;2.7589593307988634
2024;SC;Santa Catarina;Florianópolis;CLT U/PJ IND;Sim;Reemprego;7;0;;6.0;43;Não;Não;2726.07;Indústrias De Transformação;23;MEDIO COMPL;Feminino;Amarela;De 20 a 49;Sociedade Empresária Limitada;Sim;15.849244186046512;2.763121813763371
2024;SC;Santa Catarina;Florianópolis;CLT U/PJ IND;Sim;Não Admitido Ano;0;0;;149.5;44;Não;Não;3689.42;Indústrias De Transformação;37;MEDIO COMPL;Feminino;Branca;De 100 a 249;Sociedade Empresária Limitada;Não;20.96261363636364;3.0427405480702876
2024;SC;Santa Catarina;Florianópolis;CLT U/PJ IND;Sim;Não Admitido Ano;0;0;;33.5;44;Não;Não;2921.98;Indústrias De Transformação;20;MEDIO INCOMP;Masculino;Branca;De 10 a 19;Sociedade Empresária Limitada;Sim;16.60215909090909;2.8095327526221006
2024;SC;Santa Catarina;Florianópolis;CLT U/PJ IND;Não;Transferência sem Ônus;2;2;Término do contrato de trabalho.;0.9;44;Não;Não;1427.15;Indústrias De Transformação;30;MEDIO COMPL;Feminino;Não identificado;De 10 a 19;Sociedade Empresária Limitada;Sim;8.108806818181819;2.092950732541614
2024;SC;Santa Catarina;Florianópolis;CLT U/PJ IND;Sim;Não Admitido Ano;0;0;;59.6;44;Não;Não;4277.65;Indústrias De Transformação;28;SUP. COMP;Masculino;Não identificado;De 250 a 499;Sociedade Anônima Fechada;Não;24.30482954545454;3.190675077325513
2024;SC;Santa Catarina;Florianópolis;CLT U/PJ DET;Não;Reemprego;3;3;Rescisão sem justa causa por iniciativa do empregado ou exoneração a pedido;0.8;44;Não;Não;1843.88;Indústrias De Transformação;30;MEDIO COMPL;Feminino;Branca;De 10 a 19;Sociedade Empresária Limitada;Sim;10.476590909090909;2.349143331038949
2024;SC;Santa Catarina;Florianópolis;CLT U/PJ IND;Não;Não Admitido Ano;0;11;Rescisão sem justa causa por iniciativa do empregado ou exoneração a pedido;15.2;44;Não;Não;2806.63;Indústrias De Transformação;33;SUP. COMP;Feminino;Branca;De 10 a 19;Sociedade Empresária Limitada;Sim;15.946761363636364;2.7692557593117577
2024;SC;Santa Catarina;Florianópolis;CLT U/PJ DET;Não;Reemprego;9;10;Rescisão sem justa causa por iniciativa do empregador.;1.5;44;Não;Não;1417.81;Indústrias De Transformação;27;MEDIO COMPL;Feminino;Branca;De 100 a 249;Sociedade Empresária Limitada;Sim;8.055738636363635;2.0863847115388765
2024;SC;Santa Catarina;Florianópolis;CLT U/PJ DET;Sim;Reemprego;10;0;;2.8;44;Não;Não;1918.78;Indústrias De Transformação;18;MEDIO COMPL;Masculino;Parda;De 10 a 19;Sociedade Empresária Limitada;Sim;10.902159090909091;2.3889608513542804
2024;SC;Santa Catarina;Florianópolis;CLT U/PJ IND;Sim;Reemprego;7;0;;5.7;44;Não;Não;2406.68;Indústrias De Transformação;29;MEDIO COMPL;Masculino;Branca;De 5 a 9;Sociedade Empresária Limitada;Sim;13.674318181818181;2.6155194883314685
2024;SC;Santa Catarina;Florianópolis;CLT U/PJ IND;Sim;Não Admitido Ano;0;0;;231.4;44;Não;Não;3826.73;Indústrias De Transformação;37;SUP. COMP;Feminino;Branca;De 100 a 249;Sociedade Empresária Limitada;Não;21.74278409090909;3.0792819365529858
2024;SC;Santa Catarina;Florianópolis;CLT U/PJ DET;Não;Reemprego;4;6;Rescisão sem justa causa por iniciativa do empregador.;2.9;44;Não;Não;4717.75;Indústrias De Transformação;29;SUP. INCOMP;Feminino;Branca;Até 4;Sociedade Empresária Limitada;Sim;26.805397727272727;3.288603274971053
2024;SC;Santa Catarina;Florianópolis;CLT U/PJ IND;Sim;Não Admitido Ano;0;0;;33.8;44;Não;Não;6165.92;Indústrias De Transformação;28;SUP. COMP;Masculino;Branca;De 250 a 499;Sociedade Anônima Fechada;Não;35.03363636363636;3.5563086389481677
2024;SC;Santa Catarina;Florianópolis;CLT U/PJ IND;Sim;Não Admitido Ano;0;0;;201.9;44;Não;Não;6297.07;Indústrias De Transformação;34;MEDIO COMPL;Masculino;Branca;De 100 a 249;Sociedade Empresária Limitada;Não;35.77880681818181;3.577355729793441
2024;SC;Santa Catarina;Florianópolis;CLT U/PJ DET;Não;Reemprego;2;4;Término do contrato de trabalho.;2.9;44;Não;Não;2211.93;Indústrias De Transformação;23;MEDIO COMPL;Feminino;Parda;De 20 a 49;Sociedade Empresária Limitada;Sim;12.56778409090909;2.5311367215337217
2024;SC;Santa Catarina;Florianópolis;CLT U/PJ IND;Sim;Não Admitido Ano;0;0;;25.8;40;Não;Não;2847.24;Indústrias De Transformação;51;SUP. COMP;Feminino;Não identificado;De 5 a 9;Sociedade Empresária Limitada;Sim;17.79525;2.8789315677536087
2024;SC;Santa Catarina;Florianópolis;CLT U/PJ IND;Não;Não Admitido Ano;0;5;Rescisão sem justa causa por iniciativa do empregado ou exoneração a pedido;29.2;44;Não;Não;1895.22;Indústrias De Transformação;23;MEDIO COMPL;Masculino;Preta;De 5 a 9;Sociedade Empresária Limitada;Sim;10.768295454545454;2.3766062107266808
2024;SC;Santa Catarina;Florianópolis;CLT U/PJ IND;Sim;Não Admitido Ano;0;0;;15.6;43;Não;Não;2079.27;Indústrias De Transformação;34;MEDIO COMPL;Feminino;Branca;De 5 a 9;Sociedade Empresária Limitada;Sim;12.088779069767442;2.4922776727420346
2024;SC;Santa Catarina;Florianópolis;CLT U/PJ IND;Sim;Reemprego;1;0;;11.2;43;Não;Não;2345.37;Indústrias De Transformação;45;MEDIO COMPL;Masculino;Branca;De 5 a 9;Sociedade Empresária Limitada;Sim;13.635872093023256;2.6127039741365663
2024;SC;Santa Catarina;Florianópolis;CLT U/PJ IND;Sim;Não Admitido Ano;0;0;;61.1;44;Não;Não;1937.06;Indústrias De Transformação;57;FUND COMPL;Masculino;Branca;De 5 a 9;Empresário (Individual);Sim;11.006022727272727;2.3984426436247794
2024;SC;Santa Catarina;Florianópolis;CLT U/PJ IND;Sim;Não Admitido Ano;0;0;;92.6;44;Não;Não;2916.65;Indústrias De Transformação;29;FUND COMPL;Feminino;Não identificado;De 20 a 49;Sociedade Empresária Limitada;Sim;16.571875000000002;2.8077069813433577
2024;SC;Santa Catarina;Florianópolis;CLT U/PJ IND;Sim;Reemprego;8;0;;4.5;44;Não;Não;3011.66;Indústrias De Transformação;30;MEDIO COMPL;Masculino;Branca;De 5 a 9;Sociedade Empresária Limitada;Não;17.111704545454543;2.839762705703893
2024;SC;Santa Catarina;Florianópolis;CLT U/PJ IND;Sim;Não Admitido Ano;0;0;;41.5;44;Não;Não;3883.47;Indústrias De Transformação;63;MEDIO COMPL;Masculino;Branca;De 20 a 49;Sociedade Empresária Limitada;Não;22.065170454545452;3.0940003678013683
2024;SC;Santa Catarina;Florianópolis;CLT U/PJ IND;Sim;Não Admitido Ano;0;0;;14.1;44;Não;Não;1834.15;Indústrias De Transformação;21;FUND COMPL;Feminino;Branca;De 10 a 19;Sociedade Empresária Limitada;Sim;10.421306818181819;2.3438524428743333
2024;SC;Santa Catarina;Florianópolis;CLT U/PJ IND;Sim;Reemprego;3;0;;9.1;44;Não;Não;2000.0;Indústrias De Transformação;38;MEDIO COMPL;Masculino;Branca;De 5 a 9;Sociedade Empresária Limitada;Sim;11.363636363636363;2.4304184645039304
2024;SC;Santa Catarina;Florianópolis;CLT U/PJ IND;Sim;Reemprego;1;0;;11.8;44;Não;Não;1902.61;Indústrias De Transformação;30;FUND COMPL;Feminino;Branca;De 5 a 9;Sociedade Empresária Limitada;Sim;10.810284090909091;2.380497911685913
2024;SC;Santa Catarina;Florianópolis;CLT U/PJ IND;Não;Não Admitido Ano;0;7;Rescisão com justa causa por iniciativa do empregador ou servidor demitido;6.7;44;Não;Não;1842.64;Indústrias De Transformação;24;MEDIO COMPL;Masculino;Branca;De 10 a 19;Sociedade Empresária Limitada;Sim;10.469545454545456;2.3484706098564985
2024;SC;Santa Catarina;Florianópolis;CLT U/PJ IND;Sim;Não Admitido Ano;0;0;;38.0;44;Não;Não;3206.45;Indústrias De Transformação;50;SUP. COMP;Masculino;Branca;De 100 a 249;Sociedade Empresária Limitada;Não;18.21846590909091;2.902435690103132
2024;SC;Santa Catarina;Florianópolis;CLT U/PJ IND;Sim;Não Admitido Ano;0;0;;25.8;44;Não;Não;3597.56;Indústrias De Transformação;42;MEDIO COMPL;Masculino;Não identificado;De 20 a 49;Sociedade Empresária Limitada;Não;20.44068181818182;3.0175271218330746
2024;SC;Santa Catarina;Florianópolis;CLT U/PJ IND;Sim;Reemprego;4;0;;8.7;44;Não;Não;2354.16;Indústrias De Transformação;29;SUP. COMP;Masculino;Parda;De 20 a 49;Sociedade Empresária Limitada;Não;13.37590909090909;2.593455259886018
2024;SC;Santa Catarina;Florianópolis;CLT U/PJ IND;Não;Não Admitido Ano;0;12;Transferência de empregado entre estabelecimentos da mesma empresa ou para outra empresa, sem ônus para a cedente;15.4;44;Não;Não;4913.1;Indústrias De Transformação;32;SUP. COMP;Feminino;Branca;De 10 a 19;Sociedade Empresária Limitada;Não;27.91534090909091;3.3291763910857797
2024;SC;Santa Catarina;Florianópolis;CLT U/PJ IND;Não;Não Admitido Ano;0;4;Rescisão sem justa causa por iniciativa do empregador.;9.5;44;Não;Não;2488.54;Indústrias De Transformação;28;MEDIO COMPL;Feminino;Branca;Até 4;Sociedade Empresária Limitada;Sim;14.139431818181817;2.6489674770713973
2024;SC;Santa Catarina;Florianópolis;CLT U/PJ IND;Sim;Não Admitido Ano;0;0;;114.0;44;Não;Não;3565.31;Indústrias De Transformação;47;MEDIO COMPL;Masculino;Não identificado;De 100 a 249;Sociedade Empresária Limitada;Sim;20.257443181818182;3.0085222905514843
2024;SC;Santa Catarina;Florianópolis;CLT U/PJ IND;Sim;Não Admitido Ano;0;0;;23.0;40;Não;Não;3609.19;Indústrias De Transformação;23;MEDIO COMPL;Masculino;Não identificado;De 20 a 49;Sociedade Anônima Fechada;Não;22.5574375;3.116064834185573
2024;SC;Santa Catarina;Florianópolis;CLT U/PJ IND;Sim;Não Admitido Ano;0;0;;118.9;44;Não;Não;3324.24;Indústrias De Transformação;41;DOUTORADO;Feminino;Branca;De 10 a 19;Sociedade Empresária Limitada;Não;18.887727272727272;2.938512360496801
2024;SC;Santa Catarina;Florianópolis;CLT U/PJ IND;Sim;Não Admitido Ano;0;0;;84.8;44;Não;Não;2907.59;Indústrias De Transformação;35;MEDIO COMPL;Masculino;Não identificado;De 100 a 249;Sociedade Empresária Limitada;Não;16.520397727272726;2.804595843303792
2024;SC;Santa Catarina;Florianópolis;CLT U/PJ IND;Sim;Reemprego;4;0;;8.7;44;Não;Não;2165.41;Indústrias De Transformação;35;FUND COMPL;Feminino;Preta;De 100 a 249;Sociedade Empresária Limitada;Não;12.303465909090908;2.509881003912401
2024;SC;Santa Catarina;Florianópolis;CLT U/PJ IND;Não;Não Admitido Ano;0;5;Transferência de empregado entre estabelecimentos da mesma empresa ou para outra empresa, sem ônus para a cedente;8.0;44;Não;Não;5563.65;Indústrias De Transformação;55;MEDIO COMPL;Masculino;Branca;De 10 a 19;Sociedade Empresária Limitada;Sim;31.611647727272725;3.4535256516412836
2024;SC;Santa Catarina;Florianópolis;CLT U/PJ IND;Sim;Não Admitido Ano;0;0;;43.0;44;Não;Não;1582.05;Indústrias De Transformação;50;MEDIO COMPL;Feminino;Não identificado;De 100 a 249;Sociedade Empresária Limitada;Sim;8.988920454545454;2.195992758352581
2024;SC;Santa Catarina;Florianópolis;CLT U/PJ IND;Não;Reemprego;3;7;Rescisão sem justa causa por iniciativa do empregado ou exoneração a pedido;3.7;40;Não;Não;3244.08;Indústrias De Transformação;40;SUP. COMP;Masculino;Parda;De 20 a 49;Sociedade Empresária Limitada;Não;20.2755;3.009413260609855
2024;SC;Santa Catarina;Florianópolis;CLT U/PJ DET;Sim;Reemprego;11;0;;1.4;44;Não;Não;1467.97;Indústrias De Transformação;30;MEDIO COMPL;Feminino;Branca;De 20 a 49;Sociedade Empresária Limitada;Sim;8.340738636363637;2.1211517779601894
2024;SC;Santa Catarina;Florianópolis;CLT U/PJ IND;Não;Não Admitido Ano;0;3;Rescisão sem justa causa por iniciativa do empregador.;12.7;44;Não;Não;1389.17;Indústrias De Transformação;31;MEDIO COMPL;Feminino;Branca;Até 4;Sociedade Empresária Limitada;Sim;7.893011363636364;2.065977730435905
2024;SC;Santa Catarina;Florianópolis;CLT U/PJ IND;Sim;Não Admitido Ano;0;0;;32.1;40;Não;Não;1634.98;Indústrias De Transformação;21;MEDIO COMPL;Masculino;Parda;Até 4;Sociedade Empresária Limitada;Sim;10.218625;2.324212035606808
2024;SC;Santa Catarina;Florianópolis;CLT U/PJ IND;Não;Não Admitido Ano;0;3;Rescisão sem justa causa por iniciativa do empregador.;19.8;44;Não;Não;2365.86;Indústrias De Transformação;45;MEDIO COMPL;Masculino;Branca;De 5 a 9;Sociedade Empresária Limitada;Sim;13.442386363636365;2.5984128761518392
2024;SC;Santa Catarina;Florianópolis;CLT U/PJ DET;Não;Não Admitido Ano;0;2;Rescisão sem justa causa por iniciativa do empregador.;2.6;44;Não;Não;1659.31;Indústrias De Transformação;42;6. A 9. FUND;Masculino;Branca;Até 4;Sociedade Empresária Limitada;Sim;9.427897727272727;2.243673137250169
2024;SC;Santa Catarina;Florianópolis;CLT U/PJ IND;Não;Não Admitido Ano;0;7;Rescisão sem justa causa por iniciativa do empregador.;129.9;44;Não;Não;2055.88;Indústrias De Transformação;29;FUND COMPL;Masculino;Branca;De 10 a 19;Sociedade Empresária Limitada;Sim;11.681136363636364;2.457975264074802
2024;SC;Santa Catarina;Florianópolis;CLT U/PJ IND;Não;Não Admitido Ano;0;3;Rescisão sem justa causa por iniciativa do empregador.;27.8;44;Não;Não;1954.11;Indústrias De Transformação;36;MEDIO COMPL;Masculino;Branca;De 10 a 19;Sociedade Empresária Limitada;Sim;11.102897727272726;2.407206130760023
2024;SC;Santa Catarina;Florianópolis;CLT U/PJ IND;Não;Não Admitido Ano;0;3;Desligamento por Acordo Empregado e Empregador;84.5;44;Não;Não;2587.58;Indústrias De Transformação;58;MEDIO COMPL;Masculino;Branca;Zero;Sociedade Empresária Limitada;Sim;14.70215909090909;2.6879943599319214
2024;SC;Santa Catarina;Florianópolis;CLT U/PJ DET;Não;Reemprego;10;11;Término do contrato de trabalho.;1.4;44;Não;Não;1504.26;Indústrias De Transformação;27;MEDIO COMPL;Masculino;Parda;De 100 a 249;Sociedade Anônima Fechada;Não;8.546931818181818;2.1455723668713578
2024;SC;Santa Catarina;Florianópolis;CLT U/PJ IND;Sim;Não Admitido Ano;0;0;;49.0;44;Não;Não;2184.87;Indústrias De Transformação;35;MEDIO COMPL;Masculino;Branca;De 5 a 9;Sociedade Empresária Limitada;Sim;12.414034090909091;2.518827614154042
2024;SC;Santa Catarina;Florianópolis;CLT U/PJ IND;Não;Reemprego;3;6;Rescisão sem justa causa por iniciativa do empregado ou exoneração a pedido;3.9;44;Não;Não;1796.71;Indústrias De Transformação;38;MEDIO COMPL;Masculino;Branca;Zero;Sociedade Empresária Limitada;Não;10.208579545454546;2.3232284986443337
2024;SC;Santa Catarina;Florianópolis;CLT U/PJ DET;Não;Reemprego;6;9;Rescisão sem justa causa por iniciativa do empregado ou exoneração a pedido;2.8;44;Não;Não;1274.18;Indústrias De Transformação;30;6. A 9. FUND;Masculino;Parda;De 100 a 249;Sociedade Anônima Fechada;Não;7.239659090909091;1.9795741183979931
2024;SC;Santa Catarina;Florianópolis;CLT U/PJ IND;Sim;Reemprego;2;0;;10.5;42;Não;Não;2049.06;Indústrias De Transformação;23;MEDIO INCOMP;Masculino;Parda;Até 4;Empresário (Individual);Sim;12.196785714285713;2.5011724509837814
2024;SC;Santa Catarina;Florianópolis;CLT U/PJ IND;Sim;Reemprego;11;0;;2.0;44;Não;Não;1900.0;Indústrias De Transformação;37;MEDIO COMPL;Feminino;Parda;Até 4;Sociedade Empresária Limitada;Sim;10.795454545454545;2.37912517011638
2024;SC;Santa Catarina;Florianópolis;CLT U/PJ IND;Não;Não Admitido Ano;0;4;Rescisão sem justa causa por iniciativa do empregado ou exoneração a pedido;24.4;44;Não;Não;1481.34;Indústrias De Transformação;56;MEDIO COMPL;Feminino;Branca;De 5 a 9;Sociedade Empresária Limitada;Sim;8.416704545454545;2.130218367493177
2024;SC;Santa Catarina;Florianópolis;CLT U/PJ IND;Sim;Reemprego;3;0;;9.8;42;Não;Não;2510.24;Indústrias De Transformação;32;MEDIO COMPL;Masculino;Parda;Até 4;Empresário (Individual);Sim;14.94190476190476;2.7041696656813863
2024;SC;Santa Catarina;Florianópolis;CLT U/PJ IND;Sim;Não Admitido Ano;0;0;;13.5;44;Não;Não;1616.93;Indústrias De Transformação;42;FUND COMPL;Feminino;Branca;De 5 a 9;Sociedade Empresária Limitada;Não;9.187102272727273;2.217800573558624
2024;SC;Santa Catarina;Florianópolis;CLT U/PJ IND;Sim;Reemprego;1;0;;11.6;44;Não;Não;2299.5;Indústrias De Transformação;25;MEDIO COMPL;Masculino;Parda;De 20 a 49;Sociedade Empresária Limitada;Não;13.065340909090908;2.5699629919418268
2024;SC;Santa Catarina;Florianópolis;CLT U/PJ IND;Sim;Não Admitido Ano;0;0;;64.6;44;Não;Não;3086.18;Indústrias De Transformação;29;MEDIO COMPL;Masculino;Branca;De 100 a 249;Sociedade Empresária Limitada;Não;17.535113636363636;2.8642053641165455
2024;SC;Santa Catarina;Florianópolis;CLT U/PJ DET;Não;Reemprego;10;11;Rescisão sem justa causa por iniciativa do empregado ou exoneração a pedido;1.1;44;Não;Não;1190.0;Indústrias De Transformação;43;MEDIO COMPL;Feminino;Branca;Até 4;Sociedade Empresária Limitada;Sim;6.761363636363637;1.9112245910674233
2024;SC;Santa Catarina;Florianópolis;CLT U/PJ IND;Sim;Não Admitido Ano;0;0;;23.0;44;Não;Não;1642.79;Indústrias De Transformação;36;MEDIO COMPL;Masculino;Branca;De 10 a 19;Sociedade Empresária Limitada;Sim;9.33403409090909;2.2336672998574754
2024;SC;Santa Catarina;Florianópolis;CLT U/PJ IND;Sim;Não Admitido Ano;0;0;;45.0;44;Não;Não;4831.8;Indústrias De Transformação;35;SUP. COMP;Feminino;Não identificado;De 20 a 49;Sociedade Empresária Limitada;Sim;27.45340909090909;3.3124903529914023
2024;SC;Santa Catarina;Florianópolis;CLT U/PJ IND;Sim;Não Admitido Ano;0;0;;35.8;44;Não;Não;3272.77;Indústrias De Transformação;38;MEDIO COMPL;Masculino;Branca;De 10 a 19;Sociedade Empresária Limitada;Sim;18.59528409090909;2.922908005072057
2024;SC;Santa Catarina;Florianópolis;CLT U/PJ IND;Sim;Não Admitido Ano;0;0;;19.4;44;Não;Não;2094.3;Indústrias De Transformação;33;MEDIO COMPL;Feminino;Branca;Até 4;Empresário (Individual);Sim;11.899431818181819;2.4764906526063135
2024;SC;Santa Catarina;Florianópolis;CLT U/PJ IND;Sim;Não Admitido Ano;0;0;;33.9;44;Não;Não;2364.89;Indústrias De Transformação;22;MEDIO INCOMP;Feminino;Parda;De 5 a 9;Sociedade Empresária Limitada;Sim;13.436874999999999;2.598002793178275
2024;SC;Santa Catarina;Florianópolis;CLT U/PJ IND;Sim;Transferência sem Ônus;2;0;;11.0;44;Não;Não;1900.84;Indústrias De Transformação;56;MEDIO COMPL;Masculino;Não identificado;De 10 a 19;Sociedade Empresária Limitada;Sim;10.800227272727271;2.3795671776798004
2024;SC;Santa Catarina;Florianópolis;CLT U/PJ IND;Sim;Não Admitido Ano;0;0;;21.5;44;Não;Não;2085.56;Indústrias De Transformação;29;MEDIO COMPL;Masculino;Branca;De 10 a 19;Sociedade Empresária Limitada;Sim;11.849772727272727;2.472308688264115
2024;SC;Santa Catarina;Florianópolis;CLT U/PJ IND;Não;Reemprego;7;12;Rescisão sem justa causa por iniciativa do empregador.;4.9;44;Não;Não;1244.69;Indústrias De Transformação;29;MEDIO COMPL;Masculino;Branca;De 20 a 49;Sociedade Empresária Limitada;Sim;7.072102272727273;1.9561577868720736
2024;SC;Santa Catarina;Florianópolis;CLT U/PJ IND;Não;Não Admitido Ano;0;3;Rescisão sem justa causa por iniciativa do empregador.;6.0;44;Não;Não;2725.47;Indústrias De Transformação;35;MEDIO COMPL;Masculino;Não identificado;De 10 a 19;Sociedade Empresária Limitada;Sim;15.485624999999999;2.739912174250954
2024;SC;Santa Catarina;Florianópolis;CLT U/PJ IND;Não;Reemprego;1;3;Rescisão sem justa causa por iniciativa do empregado ou exoneração a pedido;1.8;44;Não;Não;1343.23;Indústrias De Transformação;26;FUND COMPL;Masculino;Parda;Até 4;Sociedade Empresária Limitada;Sim;7.631988636363636;2.0323484451988123
2024;SC;Santa Catarina;Florianópolis;CLT U/PJ IND;Não;Não Admitido Ano;0;3;Rescisão sem justa causa por iniciativa do empregado ou exoneração a pedido;15.4;44;Não;Não;2466.49;Indústrias De Transformação;31;MEDIO COMPL;Feminino;Parda;De 20 a 49;Sociedade Empresária Limitada;Sim;14.014147727272727;2.6400673712994274
2024;SC;Santa Catarina;Florianópolis;CLT U/PJ IND;Não;Não Admitido Ano;0;5;Rescisão sem justa causa por iniciativa do empregador.;9.0;44;Não;Não;2060.76;Indústrias De Transformação;25;MEDIO COMPL;Masculino;Branca;De 100 a 249;Sociedade Anônima Fechada;Não;11.708863636363638;2.4603461307456196
